Episode,Actor_Loss,Critic_Loss,Win_Rate
1000,-0.24628442488610744,0.7591395676136017,0.794
2000,-0.24403405398130412,0.7673829972743988,0.79
3000,-0.2402209189534187,0.7584792137145996,0.781
4000,-0.24321375221014024,0.7690728366374969,0.805
5000,-0.24146663963794707,0.7641257047653198,0.806
6000,-0.24118977218866347,0.7514007449150085,0.781
7000,-0.2405997431278229,0.7460897386074066,0.787
8000,-0.2410492593050003,0.761027729511261,0.793
9000,-0.23518833100795744,0.7498661994934082,0.798
10000,-0.2513910400867462,0.7879354953765869,0.83
11000,-0.2368147112429142,0.7599189579486847,0.803
12000,-0.24721252858638768,0.768301248550415,0.824
13000,-0.24262386947870254,0.7671120166778564,0.828
14000,-0.2365788534283638,0.7557488083839417,0.802
